-- phpMyAdmin SQL Dump
-- version 5.2.0
-- https://www.phpmyadmin.net/
--
-- Хост: 127.0.0.1:3306
-- Время создания: Май 19 2024 г., 17:31
-- Версия сервера: 8.0.30
-- Версия PHP: 8.1.9

SET SQL_MODE = "NO_AUTO_VALUE_ON_ZERO";
START TRANSACTION;
SET time_zone = "+00:00";


/*!40101 SET @OLD_CHARACTER_SET_CLIENT=@@CHARACTER_SET_CLIENT */;
/*!40101 SET @OLD_CHARACTER_SET_RESULTS=@@CHARACTER_SET_RESULTS */;
/*!40101 SET @OLD_COLLATION_CONNECTION=@@COLLATION_CONNECTION */;
/*!40101 SET NAMES utf8mb4 */;

--
-- База данных: `LaPysik`
--

-- --------------------------------------------------------

--
-- Структура таблицы `Корзина`
--

CREATE TABLE `Корзина` (
  `id` int NOT NULL,
  `user_id` int NOT NULL,
  `product_id` int NOT NULL,
  `quantity` int NOT NULL DEFAULT '1'
) ENGINE=InnoDB DEFAULT CHARSET=utf8mb3;

-- --------------------------------------------------------

--
-- Структура таблицы `Пользователи`
--

CREATE TABLE `Пользователи` (
  `id` int NOT NULL,
  `Телефон` varchar(15) CHARACTER SET utf8mb4 COLLATE utf8mb4_0900_ai_ci NOT NULL,
  `Пароль` text CHARACTER SET utf8mb4 COLLATE utf8mb4_0900_ai_ci NOT NULL
) ENGINE=InnoDB DEFAULT CHARSET=utf8mb4 COLLATE=utf8mb4_0900_ai_ci;

--
-- Дамп данных таблицы `Пользователи`
--

INSERT INTO `Пользователи` (`id`, `Телефон`, `Пароль`) VALUES
(1, '89787223445', '$2y$10$fqhWgFlF7ovM7b7b1iwnSuQADbcP6QaOjwZzBM9Lc8L.SjjRmd3B.'),
(2, '89787223441', '$2y$10$xMxP6mbxhKlLGxx0zIjTDuGJZ65e8sR6f9y8VbZK4aYD7YIn.Weia');

-- --------------------------------------------------------

--
-- Структура таблицы `Заказанные товары`
--

CREATE TABLE `Заказанные товары` (
  `id` int NOT NULL,
  `order_id` int NOT NULL,
  `product_id` int NOT NULL,
  `quantity` int NOT NULL,
  `price` decimal(10,2) NOT NULL
) ENGINE=InnoDB DEFAULT CHARSET=utf8mb4 COLLATE=utf8mb4_0900_ai_ci;

--
-- Дамп данных таблицы `Заказанные товары`
--

INSERT INTO `Заказанные товары` (`id`, `order_id`, `product_id`, `quantity`, `price`) VALUES
(1, 12, 1, 1, '1200.00'),
(2, 12, 2, 1, '800.00'),
(3, 14, 1, 1, '1200.00'),
(4, 14, 2, 1, '800.00'),
(5, 15, 2, 1, '800.00'),
(6, 15, 8, 1, '800.00'),
(7, 16, 1, 1, '1200.00'),
(8, 16, 2, 1, '800.00'),
(9, 57, 4, 1, '1500.00'),
(10, 57, 3, 1, '500.00');

-- --------------------------------------------------------

--
-- Структура таблицы `Типы продукции`
--

CREATE TABLE `Типы продукции` (
  `id` int NOT NULL,
  `Название` varchar(255) NOT NULL
) ENGINE=InnoDB DEFAULT CHARSET=utf8mb4 COLLATE=utf8mb4_0900_ai_ci;

--
-- Дамп данных таблицы `Типы продукции`
--

INSERT INTO `Типы продукции` (`id`, `Название`) VALUES
(1, 'Сухой корм'),
(2, 'Консервы'),
(3, 'Лакомства'),
(4, 'Витамины и добавки'),
(5, 'Игрушки'),
(6, 'Аксессуары');

-- --------------------------------------------------------

--
-- Структура таблицы `Товары`
--

CREATE TABLE `Товары` (
  `id` int NOT NULL,
  `Название` varchar(255) NOT NULL,
  `Тип продукции id` int NOT NULL,
  `Цена` decimal(10,2) NOT NULL,
  `Описание` text
) ENGINE=InnoDB DEFAULT CHARSET=utf8mb4 COLLATE=utf8mb4_0900_ai_ci;

--
-- Дамп данных таблицы `Товары`
--

INSERT INTO `Товары` (`id`, `Название`, `Тип продукции id`, `Цена`, `Описание`) VALUES
(1, 'Корм для собак \"Чаппи\"', 1, '1200.00', 'Сухой корм для собак всех пород'),
(2, 'Консервы для кошек \"Вискас\"', 2, '800.00', 'Консервы для кошек с курицей'),
(3, 'Лакомство для кошек \"Dreamies\"', 3, '500.00', 'Лакомство для кошек с сыром'),
(4, 'Витамины для собак \"Canvit\"', 4, '1500.00', 'Витамины для поддержания здоровья суставов'),
(5, 'Игрушка для собак \"Мяч\"', 5, '300.00', 'Игрушка для активных игр с собаками'),
(6, 'Когтеточка для кошек', 6, '2500.00', 'Аксессуар для ухода за когтями кошек'),
(7, 'Корм для собак \"Чаппи\"', 1, '1200.00', 'Сухой корм для собак всех пород'),
(8, 'Консервы для кошек \"Вискас\"', 2, '800.00', 'Консервы для кошек с курицей'),
(9, 'Лакомство для кошек \"Dreamies\"', 3, '500.00', 'Лакомство для кошек с сыром'),
(10, 'Витамины для собак \"Canvit\"', 4, '1500.00', 'Витамины для поддержания здоровья суставов'),
(11, 'Игрушка для собак \"Мяч\"', 5, '300.00', 'Игрушка для активных игр с собаками'),
(12, 'Когтеточка для кошек', 6, '2500.00', 'Аксессуар для ухода за когтями кошек'),
(13, 'Сухой корм для кошек \"Purina One\"', 1, '1300.00', 'Сухой корм для взрослых кошек'),
(14, 'Консервы для собак \"Pedigree\"', 2, '850.00', 'Консервы для собак с говядиной'),
(15, 'Лакомство для собак \"Pedigree Dentastix\"', 3, '450.00', 'Лакомство для чистки зубов собак'),
(16, 'Витамины для кошек \"Gimpet\"', 4, '1200.00', 'Витамины для улучшения шерсти'),
(17, 'Игрушка для кошек \"Мышь\"', 5, '200.00', 'Игрушка-мышь для кошек'),
(18, 'Миска для кормления собак', 6, '700.00', 'Аксессуар для кормления собак'),
(19, 'Сухой корм для кроликов \"Vitakraft\"', 1, '1400.00', 'Сухой корм для декоративных кроликов'),
(20, 'Консервы для птиц \"Versele-Laga\"', 2, '900.00', 'Консервы для птиц с овощами'),
(21, 'Лакомство для грызунов \"Vitakraft\"', 3, '600.00', 'Лакомство для грызунов с орехами'),
(22, 'Витамины для рыб \"Tetra\"', 4, '1100.00', 'Витамины для аквариумных рыб'),
(23, 'Игрушка для грызунов \"Карусель\"', 5, '350.00', 'Игрушка-карусель для грызунов'),
(24, 'Поводок для собак', 6, '1200.00', 'Аксессуар для выгула собак'),
(25, 'Сухой корм для рыб \"TetraMin\"', 1, '750.00', 'Сухой корм для всех видов аквариумных рыб'),
(26, 'Консервы для рептилий \"Zoo Med\"', 2, '1000.00', 'Консервы для рептилий с насекомыми'),
(27, 'Лакомство для птиц \"Prestige\"', 3, '550.00', 'Лакомство для птиц с фруктами'),
(28, 'Витамины для рептилий \"Repti Calcium\"', 4, '950.00', 'Кальциевые добавки для рептилий'),
(29, 'Игрушка для птиц \"Колокольчик\"', 5, '250.00', 'Игрушка-колокольчик для птиц'),
(30, 'Транспортировочная клетка для животных', 6, '3000.00', 'Клетка для транспортировки мелких животных'),
(31, 'Сухой корм для собак \"Royal Canin\"', 1, '1800.00', 'Сухой корм для собак крупных пород'),
(32, 'Консервы для кошек \"Sheba\"', 2, '950.00', 'Консервы для кошек с рыбой'),
(33, 'Лакомство для собак \"Good Boy\"', 3, '480.00', 'Лакомство для собак с курицей'),
(34, 'Витамины для грызунов \"Beaphar\"', 4, '1150.00', 'Витамины для грызунов для укрепления иммунитета'),
(35, 'Игрушка для собак \"Канат\"', 5, '400.00', 'Игрушка-канат для собак для игр и жевания'),
(36, 'Домик для кошек', 6, '2700.00', 'Аксессуар для отдыха и игр кошек');

-- --------------------------------------------------------

--
-- Структура таблицы `заказы`
--

CREATE TABLE `заказы` (
  `id` int NOT NULL,
  `Адрес` varchar(255) CHARACTER SET utf8mb4 COLLATE utf8mb4_0900_ai_ci NOT NULL,
  `Телефон` varchar(15) CHARACTER SET utf8mb4 COLLATE utf8mb4_0900_ai_ci NOT NULL,
  `id_покупателя` int DEFAULT NULL,
  `Доставлен` tinyint(1) DEFAULT '0'
) ENGINE=InnoDB DEFAULT CHARSET=utf8mb4 COLLATE=utf8mb4_0900_ai_ci;

--
-- Дамп данных таблицы `заказы`
--

INSERT INTO `заказы` (`id`, `Адрес`, `Телефон`, `id_покупателя`, `Доставлен`) VALUES
(12, '123123123', '89787223445', 1, 0),
(13, '123123123', '89787223445', 1, 0),
(14, '333322222', '89787223445', 1, 0),
(15, '44444444', '89787223445', 1, 0),
(16, '123123123123', '89787223445', 1, 0),
(17, '123123123123', '89787223445', 1, 0),
(18, '123123123123', '89787223445', 1, 0),
(19, '123123123123', '89787223445', 1, 0),
(20, '123123123123', '89787223445', 1, 0),
(21, '123123123123', '89787223445', 1, 0),
(22, '123123123123', '89787223445', 1, 0),
(23, '123123123123', '89787223445', 1, 0),
(24, '1321', '89787223445', 1, 0),
(25, '1321', '89787223445', 1, 0),
(26, '1321', '89787223445', 1, 0),
(27, '1321', '89787223445', 1, 0),
(28, '1321', '89787223445', 1, 0),
(29, '1321', '89787223445', 1, 0),
(30, '1321', '89787223445', 1, 0),
(31, '1321', '89787223445', 1, 0),
(32, '1321', '89787223445', 1, 0),
(33, '1321', '89787223445', 1, 0),
(34, '1321', '89787223445', 1, 0),
(35, '1321', '89787223445', 1, 0),
(36, '1321', '89787223445', 1, 0),
(37, '1321', '89787223445', 1, 0),
(38, '1321', '89787223445', 1, 0),
(39, '1321', '89787223445', 1, 0),
(40, '1321', '89787223445', 1, 0),
(41, '1321', '89787223445', 1, 0),
(42, '1321', '89787223445', 1, 0),
(43, '1321', '89787223445', 1, 0),
(44, '1321', '89787223445', 1, 0),
(45, '1321', '89787223445', 1, 0),
(46, '1321', '89787223445', 1, 0),
(47, '1321', '89787223445', 1, 0),
(48, '1321', '89787223445', 1, 0),
(49, '1321', '89787223445', 1, 0),
(50, '1321', '89787223445', 1, 0),
(51, '1321', '89787223445', 1, 0),
(52, '1321', '89787223445', 1, 0),
(53, '1321', '89787223445', 1, 0),
(54, '1321', '89787223445', 1, 0),
(55, '1321', '89787223445', 1, 0),
(56, '1321', '89787223445', 1, 0),
(57, 'rterthrtrthh', '89787223441', 2, 0);

--
-- Индексы сохранённых таблиц
--

--
-- Индексы таблицы `Корзина`
--
ALTER TABLE `Корзина`
  ADD PRIMARY KEY (`id`);

--
-- Индексы таблицы `Пользователи`
--
ALTER TABLE `Пользователи`
  ADD PRIMARY KEY (`id`);

--
-- Индексы таблицы `Заказанные товары`
--
ALTER TABLE `Заказанные товары`
  ADD PRIMARY KEY (`id`),
  ADD KEY `order_id` (`order_id`),
  ADD KEY `product_id` (`product_id`);

--
-- Индексы таблицы `Типы продукции`
--
ALTER TABLE `Типы продукции`
  ADD PRIMARY KEY (`id`);

--
-- Индексы таблицы `Товары`
--
ALTER TABLE `Товары`
  ADD PRIMARY KEY (`id`),
  ADD KEY `Тип продукции id` (`Тип продукции id`);

--
-- Индексы таблицы `заказы`
--
ALTER TABLE `заказы`
  ADD PRIMARY KEY (`id`),
  ADD KEY `customer_id` (`id_покупателя`);

--
-- AUTO_INCREMENT для сохранённых таблиц
--

--
-- AUTO_INCREMENT для таблицы `Корзина`
--
ALTER TABLE `Корзина`
  MODIFY `id` int NOT NULL AUTO_INCREMENT, AUTO_INCREMENT=21;

--
-- AUTO_INCREMENT для таблицы `Пользователи`
--
ALTER TABLE `Пользователи`
  MODIFY `id` int NOT NULL AUTO_INCREMENT, AUTO_INCREMENT=3;

--
-- AUTO_INCREMENT для таблицы `Заказанные товары`
--
ALTER TABLE `Заказанные товары`
  MODIFY `id` int NOT NULL AUTO_INCREMENT, AUTO_INCREMENT=11;

--
-- AUTO_INCREMENT для таблицы `Типы продукции`
--
ALTER TABLE `Типы продукции`
  MODIFY `id` int NOT NULL AUTO_INCREMENT, AUTO_INCREMENT=7;

--
-- AUTO_INCREMENT для таблицы `Товары`
--
ALTER TABLE `Товары`
  MODIFY `id` int NOT NULL AUTO_INCREMENT, AUTO_INCREMENT=37;

--
-- AUTO_INCREMENT для таблицы `заказы`
--
ALTER TABLE `заказы`
  MODIFY `id` int NOT NULL AUTO_INCREMENT, AUTO_INCREMENT=58;

--
-- Ограничения внешнего ключа сохраненных таблиц
--

--
-- Ограничения внешнего ключа таблицы `Заказанные товары`
--
ALTER TABLE `Заказанные товары`
  ADD CONSTRAINT `заказанные_товары_ibfk_1` FOREIGN KEY (`order_id`) REFERENCES `заказы` (`id`),
  ADD CONSTRAINT `заказанные_товары_ibfk_2` FOREIGN KEY (`product_id`) REFERENCES `Товары` (`id`);

--
-- Ограничения внешнего ключа таблицы `Товары`
--
ALTER TABLE `Товары`
  ADD CONSTRAINT `товары_ibfk_1` FOREIGN KEY (`Тип продукции id`) REFERENCES `Типы продукции` (`id`);

--
-- Ограничения внешнего ключа таблицы `заказы`
--
ALTER TABLE `заказы`
  ADD CONSTRAINT `заказы_ibfk_1` FOREIGN KEY (`id_покупателя`) REFERENCES `Пользователи` (`id`);
COMMIT;

/*!40101 SET CHARACTER_SET_CLIENT=@OLD_CHARACTER_SET_CLIENT */;
/*!40101 SET CHARACTER_SET_RESULTS=@OLD_CHARACTER_SET_RESULTS */;
/*!40101 SET COLLATION_CONNECTION=@OLD_COLLATION_CONNECTION */;
